ID,hab_verbal,hab_matematica,necesidad_logro,ansiedad,promedio_final,sexo
1,39.6,48.2,37,65,5.880000000000001,Masculino
2,44.2,49.1,53,43,7.72,Masculino
3,43,53.2,41,70,7.51,Masculino
4,46.4,44.3,40,64,7.66,Femenino
5,57,48.7,39,41,6.92,Masculino
6,75.8,66,41,60,7.279999999999999,Masculino
7,60.1,72.8,42,58,7.08,Femenino
8,45.1,43,64,50,7.69,Masculino
9,67.1,65.2,53,53,7.64,Masculino
10,48.7,57.6,37,63,7.14,Femenino
11,56.9,54.8,47,49,7.220000000000001,Masculino
12,31.1,33.1,53,55,5.8,Masculino
13,46.8,45.2,52,46,6.04,Femenino
14,62.6,48.6,49,37,7.02,Femenino
15,63.5,57,57,57,7.91,Femenino
16,46.2,55.4,46,53,7.64,Masculino
17,45,45,45,38,6.84,Femenino
18,51.1,61.3,40,64,6.32,Masculino
19,58.7,53.2,48,51,8.02,Femenino
20,48.1,49.8,59,45,7.39,Femenino
21,55.9,53.7,42,50,7.07,Masculino
22,49.5,45.3,56,50,7.1,Femenino
23,51.8,58.1,37,52,6.859999999999999,Femenino
24,44.8,51.5,54,42,6.43,Masculino
25,39,40.8,63,41,7.949999999999999,Femenino
26,40.9,39.7,51,58,5.6899999999999995,Masculino
27,42.6,46.1,47,57,6.37,Masculino
28,69.8,66.8,32,61,8.15,Femenino
29,44.4,38.4,33,75,6.109999999999999,Masculino
30,44.8,45,43,52,5.279999999999999,Femenino
31,51.9,45.7,51,59,7.21,Femenino
32,38.9,35.7,53,51,6.640000000000001,Masculino
33,47.8,36.3,55,64,6.290000000000001,Masculino
34,56.1,56.9,33,53,8.469999999999999,Masculino
35,52.4,55.6,51,50,7.3100000000000005,Masculino
36,38.4,37.5,57,58,5.94,Masculino
37,46.7,49.6,53,52,6.220000000000001,Femenino
38,57.6,65.8,41,66,5.82,Masculino
39,45.6,51.3,62,47,7.56,Masculino
40,42.8,42.1,54,57,6.109999999999999,Masculino
41,40.5,45,46,57,7.25,Masculino
42,66.6,67.3,34,64,7.48,Femenino
43,43,35.6,45,53,5.1899999999999995,Masculino
44,57.4,66.4,46,48,8.22,Masculino
45,30.3,32.5,45,49,6.66,Masculino
46,50.3,41.8,43,40,7.39,Masculino
47,39.9,35.3,51,40,7.35,Femenino
48,41.1,41.3,46,39,6.74,Femenino
49,53,35.7,62,43,6.5,Masculino
50,32.9,25.5,42,73,4.46,Masculino
51,33.3,37.5,24,70,6.04,Masculino
52,33.9,47.8,54,56,5.91,Femenino
53,70.5,63.5,38,39,8.059999999999999,Femenino
54,44.6,44.8,43,51,8.01,Masculino
55,42.4,36.6,58,52,8.3,Masculino
56,46.2,52.8,47,50,7.53,Femenino
57,68.7,62.4,62,49,8.21,Masculino
58,32.6,34.8,40,55,5.53,Femenino
59,41.3,52.4,68,46,8.67,Masculino
60,62.1,61.1,48,60,7.609999999999999,Femenino
61,66,61.6,52,57,7.949999999999999,Femenino
62,48.9,59.5,42,45,7.29,Masculino
63,76,71,38,54,7.17,Masculino
64,51.5,51.9,51,42,7.67,Femenino
65,52.9,56.1,58,26,7.279999999999999,Masculino
66,76.8,65.9,48,48,8.3,Femenino
67,49.3,53.9,65,25,6.92,Masculino
68,45,51.5,56,50,6.71,Masculino
69,46.2,49.6,53,48,6.1,Femenino
70,36.3,39.5,56,51,6.75,Masculino
71,41.9,52.2,36,49,6.02,Masculino
72,52.7,45.2,60,41,6.41,Masculino
73,45.8,39.2,48,50,7.359999999999999,Femenino
74,36.9,34.6,45,52,6.96,Masculino
75,44.5,49.1,58,54,6.92,Femenino
76,54.1,50.2,55,56,8,Masculino
77,64.2,60.1,45,50,8.1,Masculino
78,75,62.9,42,63,7.67,Femenino
79,53.5,49.1,50,58,7.3,Masculino
80,60.8,50.8,56,56,7.550000000000001,Masculino
81,49.2,52.8,38,54,6.65,Femenino
82,66.4,52,56,55,7.09,Masculino
83,60.7,51.7,41,57,6.85,Masculino
84,49.8,64.9,49,48,7.630000000000001,Femenino
85,46.3,35.1,43,63,6.38,Masculino
86,44.8,40,44,55,7.359999999999999,Femenino
87,68.2,71.5,54,62,7.97,Masculino
88,48.1,40,77,37,6.869999999999999,Femenino
89,32.3,24.3,41,69,6.5600000000000005,Femenino
90,58.8,62.2,63,40,7.869999999999999,Masculino
91,65.2,52.8,54,41,7.67,Masculino
92,40.4,38.5,46,52,5.93,Femenino
93,56.7,50.9,41,42,6.37,Femenino
94,46.1,54,53,41,7.54,Masculino
95,40.2,44.4,57,58,6.24,Femenino
96,42.7,32.4,49,47,6.7,Femenino
97,49.8,40.9,45,45,7.31,Masculino
98,35.9,36.9,30,52,5.84,Masculino
99,57.9,57.9,47,60,7.9399999999999995,Masculino
100,54.3,55.5,48,36,7.369999999999999,Masculino
101,64.9,62.5,47,59,7.199999999999999,Femenino
102,37.4,43.4,52,42,5.4399999999999995,Femenino
103,39.9,43.3,49,42,7.05,Masculino
104,50.3,55.9,40,54,6.58,Femenino
105,50.3,47,49,49,6.49,Masculino
106,66.8,60.2,52,50,8.22,Masculino
107,35.8,33.1,62,49,7.459999999999999,Femenino
108,49.3,49.2,46,61,6.09,Masculino
109,47.1,42.7,49,51,7.25,Masculino
110,64.7,54.6,52,46,7.92,Masculino
111,65,77.4,56,52,7.569999999999999,Masculino
112,48.5,59,62,47,7.44,Femenino
113,49.4,44,44,47,7.61,Femenino
114,52.1,42.4,39,61,4.3,Masculino
115,47,45.9,35,62,6.59,Masculino
116,47.9,54.8,42,57,6.1,Femenino
117,59.1,57.3,38,72,5.61,Femenino
118,40.9,41.2,52,53,6.4,Femenino
119,69.3,67.5,49,39,8.43,Femenino
120,38.6,49.6,37,49,6.41,Masculino
121,47.6,46,44,43,5.91,Masculino
122,52,50.3,59,45,7.04,Masculino
123,51.9,59.3,49,51,6.08,Femenino
124,48.4,44.8,48,60,5.93,Masculino
125,46.4,58.1,43,55,7.44,Masculino
126,41,59.2,65,41,8.129999999999999,Femenino
127,53.3,62.8,47,63,6.25,Femenino
128,73.7,80.6,53,40,7.25,Masculino
129,36.6,28.6,41,65,6.66,Masculino
130,64.5,63,54,50,7.45,Masculino
131,59,54.8,65,51,7.140000000000001,Masculino
132,50.3,51.3,40,69,6.82,Femenino
133,61.3,62.1,35,51,8.27,Masculino
134,57.2,64.4,52,43,6.359999999999999,Femenino
135,59.8,45.9,45,64,8.52,Femenino
136,52.2,60,38,50,6.71,Femenino
137,63.6,42.9,53,47,7.19,Femenino
138,38,53.6,30,54,6.25,Femenino
139,62.9,57.2,43,51,8.219999999999999,Femenino
140,61.2,54.5,70,54,7.550000000000001,Femenino
141,59,58.5,63,36,8.28,Masculino
142,57.2,53.8,46,51,6.66,Masculino
143,39.8,31.2,43,42,6.29,Masculino
144,63.3,69.8,49,62,7.569999999999999,Femenino
145,37.6,47.9,50,45,7.36,Masculino
146,51.4,58.6,57,49,6.96,Femenino
147,63.9,57.9,45,49,7.08,Femenino
148,41.3,53.5,48,41,6.51,Femenino
149,54,54,58,52,7.12,Masculino
150,69.7,61.9,38,53,8.42,Masculino
151,52.4,50.4,61,45,6.6899999999999995,Masculino
152,32.7,42.9,35,61,6.449999999999999,Femenino
153,59.3,61.9,51,52,6.48,Femenino
154,30.6,35.4,51,30,6.1,Masculino
155,36.5,32.9,39,60,6.32,Masculino
156,48.4,58.8,49,56,7.19,Femenino
157,56.5,61.8,34,69,7.27,Femenino
158,60,51.7,48,50,7.15,Masculino
159,42.7,38,56,41,6.11,Femenino
160,52.8,49.3,37,55,6.62,Masculino
161,36.9,39.1,50,41,7.05,Femenino
162,54.2,57.9,47,59,6.77,Masculino
163,60.7,63,50,49,6.65,Femenino
164,55.3,65.6,37,35,8.07,Masculino
165,40.7,33.9,56,31,6.109999999999999,Masculino
166,65.3,58.6,43,45,7.38,Femenino
167,60.9,60.4,53,45,6.87,Masculino
168,50,45.6,59,51,6.85,Femenino
169,62.7,73.1,37,62,7.54,Femenino
170,38.3,54,29,60,6.800000000000001,Femenino
171,54.3,58.2,58,48,7.58,Femenino
172,42,30.5,36,59,6.07,Masculino
173,28.6,30.4,52,62,5.88,Femenino
174,56.2,44.4,57,38,7.21,Masculino
175,47.4,36.3,59,40,7.52,Masculino
176,48.8,52.1,63,48,7.31,Masculino
177,51.1,45.5,46,61,6.63,Masculino
178,52.7,51.5,55,54,7.58,Femenino
179,47.5,40.2,37,60,6.59,Femenino
180,55.3,54.7,57,46,7.73,Femenino
181,48.4,55.2,52,57,7.35,Femenino
182,72.7,73.4,57,42,7.8,Masculino
183,70.6,72.4,53,52,7.3100000000000005,Masculino
184,47.5,59.7,45,48,6.199999999999999,Masculino
185,41.8,33.5,43,56,7.75,Masculino
186,38.8,43.8,58,41,8.63,Masculino
187,56,49.2,56,59,7.859999999999999,Masculino
188,44.6,49.7,42,49,5.34,Femenino
189,51.9,51.2,53,52,7.07,Masculino
190,42.7,34.4,48,62,6.8,Femenino
191,64.5,67.3,56,50,8.3,Femenino
192,38.2,43.5,60,37,7.97,Masculino
193,35.6,41.3,65,48,6.8,Masculino
194,73.3,75.4,54,39,7.959999999999999,Femenino
195,44.5,52.6,63,44,6.6,Femenino
196,64.5,49.3,52,28,7.79,Masculino
197,30.7,29.7,34,46,4.640000000000001,Femenino
198,43.3,51.4,50,58,7.42,Femenino
199,72.8,80.9,62,42,8.64,Masculino
200,29.9,34.6,45,52,5.449999999999999,Masculino
201,60.3,46.5,42,39,6.220000000000001,Masculino
202,44.1,42.8,48,34,7.1899999999999995,Masculino
203,62.4,62.3,53,57,7.42,Femenino
204,28.4,32.4,48,55,5.77,Femenino
205,34.1,44.5,46,44,5.75,Femenino
206,66.7,71.8,50,58,6.84,Masculino
207,42.8,38.9,67,47,6.41,Masculino
208,40.7,45.2,69,35,8.04,Masculino
209,62.7,49.7,42,38,7.4,Masculino
210,48.7,50.6,66,45,7.33,Femenino
211,58,46.8,50,60,6.9,Masculino
212,38,34.7,54,49,5.76,Femenino
213,57.9,63,53,62,7.09,Masculino
214,40.7,49.4,56,36,7.550000000000001,Masculino
215,61.4,55,54,57,7.23,Femenino
216,66.5,63.9,57,35,7.279999999999999,Masculino
217,62.5,54.9,52,50,6.03,Masculino
218,41.6,38.2,64,49,6,Masculino
219,53.5,51.3,52,49,6.88,Masculino
220,59.2,52.1,49,49,6.69,Femenino
221,46.9,33.8,49,50,6.02,Masculino
222,59.1,58.4,55,47,7.4,Masculino
223,48.5,56.5,67,41,6.96,Femenino
224,46.3,35.1,41,63,6.470000000000001,Femenino
225,59,60.7,54,50,7.29,Masculino
226,52.9,55,61,38,7.41,Masculino
227,45.2,45.4,52,45,7.66,Masculino
228,55.9,51.1,44,62,7.84,Masculino
229,51.9,59.2,57,41,7.6899999999999995,Masculino
230,40.7,51.5,56,30,7.55,Femenino
231,62,62,57,32,9.100000000000001,Femenino
232,44.3,41.4,54,68,6.16,Femenino
233,43.8,43.4,56,52,8.24,Femenino
234,49.8,48.1,44,54,7.15,Masculino
235,70.1,58.3,37,48,8.52,Masculino
236,62.1,58.8,45,62,7.16,Masculino
237,34.8,41.4,47,47,5.68,Femenino
238,54.6,46.1,48,42,5.84,Femenino
239,28.7,48.7,38,46,6.53,Masculino
240,35.7,40,46,51,5.63,Masculino
241,43.3,41,55,46,7.07,Femenino
242,38.6,39.2,67,33,6.3,Femenino
243,64.7,61.9,53,35,6.550000000000001,Masculino
244,56.6,67.2,42,51,6.4,Masculino
245,56.1,48.9,55,52,7,Femenino
246,47.1,45.1,55,41,6.869999999999999,Masculino
247,21.8,38.5,53,53,5.42,Masculino
248,51.5,45.1,38,72,6.66,Femenino
249,43.7,53.2,38,48,6.640000000000001,Femenino
250,64.9,70.8,49,54,7.67,Masculino
251,61.3,52.6,51,45,7.15,Masculino
252,41,36.8,50,63,6.24,Masculino
253,46.8,37.2,55,30,6.98,Masculino
254,58,51.3,44,49,6.95,Masculino
255,43.3,27.7,54,46,6.68,Masculino
256,55.2,57.5,41,51,6.609999999999999,Masculino
257,48.7,52.3,42,56,6.6899999999999995,Femenino
258,61,62.2,63,48,7.82,Masculino
259,59.4,60.2,36,57,7.37,Masculino
260,37.9,44.3,61,42,8.57,Masculino
261,38.9,47.1,54,50,6.63,Masculino
262,47.7,43.1,40,47,5.3,Masculino
263,44.9,50.5,64,48,7.880000000000001,Femenino
264,47.9,53.9,59,43,6.49,Masculino
265,41,46.7,53,53,6.13,Femenino
266,50.5,47.6,43,63,6.8999999999999995,Femenino
267,42.9,45,62,39,6.1899999999999995,Masculino
268,44.8,59.2,49,42,7.4399999999999995,Femenino
269,45,37.1,58,50,7.07,Masculino
270,53.6,42,50,65,5.98,Masculino
271,47.6,44.7,43,74,7.21,Femenino
272,47.9,39.9,53,50,7.16,Masculino
273,57.5,58.9,52,46,7.48,Masculino
274,54,52.3,38,49,5.8,Femenino
275,49.3,54.3,72,40,8.149999999999999,Masculino
276,50,49.5,50,58,7.98,Masculino
277,54.3,44.3,59,38,8.129999999999999,Masculino
278,32.4,33.3,39,56,4.970000000000001,Masculino
279,41.3,50.9,55,46,7.03,Masculino
280,54.4,63.6,56,64,6.9399999999999995,Masculino
281,42,41.1,55,42,7.54,Femenino
282,47.5,61.2,52,63,8.08,Femenino
283,42.5,32.6,43,65,6.49,Femenino
284,60.7,54.5,58,52,6.58,Masculino
285,36.1,51,59,54,6.75,Femenino
286,41.5,57.7,57,53,6.07,Masculino
287,55.6,56.6,47,53,8.129999999999999,Femenino
288,52.2,50.5,45,46,7.15,Femenino
289,43.2,55.9,29,70,6.26,Femenino
290,65.3,53,34,47,5.7,Masculino
291,56.3,52.9,71,21,9.36,Femenino
292,61.8,56.4,51,57,7.24,Masculino
293,37.4,36.4,68,39,6.109999999999999,Femenino
294,85.1,84.6,57,43,9.23,Femenino
295,65,67.2,41,62,6.74,Masculino
296,53.2,47.4,34,72,7.45,Femenino
297,56.9,47.3,61,36,8.83,Masculino
298,65.8,57.3,48,49,9.379999999999999,Femenino
299,54.9,48.5,41,54,7.290000000000001,Femenino
300,61.2,56,45,58,7.35,Masculino
301,37.1,41.4,45,40,7.46,Masculino
302,24.6,39.9,59,47,6.4399999999999995,Femenino
303,48.2,48.5,77,41,7.34,Masculino
304,40.9,37.2,64,41,6.76,Femenino
305,44.1,33.3,65,44,7.7299999999999995,Masculino
306,40.5,41.8,61,36,7.21,Femenino
307,42.8,37.7,43,58,6.15,Masculino
308,55.5,48.4,64,24,6.619999999999999,Femenino
309,66.3,66.8,56,51,7.08,Masculino
310,36.2,47.8,60,58,6.62,Masculino
311,59.8,50.8,47,61,5.79,Femenino
312,44,49.1,50,45,7.45,Masculino
313,63,65.7,46,48,7.880000000000001,Femenino
314,59.1,54.9,57,57,6.07,Femenino
315,39.1,42.9,41,58,6.07,Masculino
316,55.5,53.2,67,57,7.43,Masculino
317,41.8,53.1,38,59,5.890000000000001,Masculino
318,44.8,52.5,52,51,6.720000000000001,Masculino
319,45.7,50.7,45,58,7.41,Masculino
320,49.3,65.8,55,40,8.18,Femenino
321,74.5,59.4,77,36,7.56,Femenino
322,45.4,51.3,49,59,6,Femenino
323,65.8,51.9,43,64,7.02,Femenino
324,39.1,37.7,43,41,8.2,Masculino
325,43.8,39.7,16,72,5.16,Femenino
326,43.6,57.1,57,49,6.380000000000001,Masculino
327,62.5,56.9,43,49,6.36,Masculino
328,32,42.2,26,75,4.640000000000001,Masculino
329,39,42.7,55,24,7.93,Femenino
330,69.2,59.9,56,39,7.75,Masculino
331,37.1,48.4,51,63,6.390000000000001,Masculino
332,57.9,52.5,35,63,6.970000000000001,Femenino
333,38,58.2,62,14,6.720000000000001,Femenino
334,37.1,39.2,41,56,7.34,Masculino
335,40.7,43.9,59,38,6.890000000000001,Masculino
336,50.6,38.2,34,60,6.1,Masculino
337,69.6,58.8,56,59,8.53,Masculino
338,48.7,44.5,40,49,6.55,Femenino
339,41.9,34.9,36,57,6.9399999999999995,Femenino
340,67.8,67.8,50,52,6.93,Masculino
341,41.5,51.9,54,48,6.91,Masculino
342,44.9,51.1,50,45,7.24,Femenino
343,71.9,66.7,39,57,7.49,Masculino
344,34.2,49.5,47,48,7.3100000000000005,Masculino
345,44.4,46.9,53,40,7.61,Masculino
346,28.9,31.5,70,45,7.029999999999999,Femenino
347,38.9,44.4,56,58,6.17,Femenino
348,48.9,54.6,26,59,4.9,Masculino
349,33.8,42.9,19,65,5.33,Masculino
350,46.1,38.5,45,66,6.279999999999999,Femenino
351,46,45.9,38,63,6.11,Femenino
352,50.5,50,47,53,6.859999999999999,Masculino
353,50.3,52.4,61,36,7.17,Masculino
354,63.1,77.6,72,39,8.030000000000001,Femenino
355,50.4,48,53,56,7.23,Masculino
356,33.4,34.3,47,52,6.45,Femenino
357,59.6,49.2,61,38,6.34,Masculino
358,47.5,53.4,55,51,5.98,Femenino
359,49.7,56.3,64,45,7.5,Masculino
360,47.8,62.9,64,41,7.03,Masculino
361,62.9,61.6,55,45,9.21,Femenino
362,47.7,44.5,51,48,8.07,Femenino
363,46.2,38.3,64,38,7.07,Masculino
364,37.9,30.4,59,39,7.039999999999999,Masculino
365,31.8,41.3,52,42,6.32,Femenino
366,45.8,51.4,44,66,7.890000000000001,Masculino
367,63.3,58.1,28,54,6.2,Masculino
368,50,48.7,49,57,7.300000000000001,Masculino
369,13.8,19.1,55,37,4.65,Femenino
370,52.7,51.6,75,36,7.39,Masculino
371,63,59.4,46,53,7.029999999999999,Femenino
372,49.9,36.7,57,46,8.15,Masculino
373,49.8,50,49,59,7.619999999999999,Masculino
374,51.5,53,53,36,8.14,Femenino
375,50.3,54.7,40,52,5.61,Masculino
376,49.7,51.6,34,64,7.279999999999999,Masculino
377,18.5,28.1,56,43,7.01,Masculino
378,52.4,55.3,50,53,7.94,Masculino
379,32.4,32.6,59,41,6.8,Masculino
380,53.9,46.7,45,62,6.93,Masculino
381,47.2,53.7,54,28,8.47,Femenino
382,56.9,45.4,59,38,6.96,Masculino
383,63.1,55,34,56,6.89,Femenino
384,51.3,42.6,47,51,6.59,Femenino
385,87.3,82.4,55,51,8.25,Femenino
386,41.7,39.8,47,58,6.529999999999999,Masculino
387,50.9,50.1,63,47,8.05,Masculino
388,47.8,44.3,55,52,7.0600000000000005,Femenino
389,32.7,36.3,70,41,5.66,Masculino
390,32.7,42.3,56,38,7.28,Femenino
391,46.3,47.1,41,59,6.359999999999999,Masculino
392,45.8,51.4,56,50,6.65,Masculino
393,56.3,37.9,67,53,7.6000000000000005,Masculino
394,52.4,47,51,57,7.2,Masculino
395,33.5,31.4,39,46,6.470000000000001,Femenino
396,65,48.3,55,43,7.72,Femenino
397,46.6,41.7,50,63,5.9,Masculino
398,28,31.4,47,50,5.609999999999999,Masculino
399,26.6,39.7,47,64,5.220000000000001,Masculino
400,47,47.7,48,60,5.83,Femenino
401,54.4,42.1,49,45,8.34,Femenino
402,48.8,50,55,49,8.280000000000001,Masculino
403,60.3,53.5,43,64,7.25,Femenino
404,44.2,47.2,59,21,7.49,Femenino
405,57.8,46.6,46,56,8.14,Masculino
406,67.3,61.9,56,39,7.59,Masculino
407,70.7,73.3,46,51,7.58,Femenino
408,53.1,57.6,36,60,6.359999999999999,Femenino
409,54.1,53.6,55,57,7.37,Femenino
410,53.6,46.9,44,46,7.05,Masculino
411,71,68.4,52,54,7.46,Femenino
412,49.8,49.8,50,52,5.94,Femenino
413,57.2,67.8,60,50,7.18,Masculino
414,41.2,41.6,52,60,7.07,Masculino
415,54.8,53.2,44,53,7.28,Femenino
416,48.1,37.5,48,63,6.6,Masculino
417,47.6,36.2,67,46,6.82,Masculino
418,33.7,52.9,37,70,7.83,Masculino
419,32.5,41.5,48,49,7.199999999999999,Masculino
420,54,52.1,51,51,7.430000000000001,Femenino
421,48.7,49.3,52,60,7.05,Masculino
422,38.9,38.9,57,68,5.75,Masculino
423,52.6,50.7,79,26,8.39,Femenino
424,51.2,64.1,59,47,6.5,Masculino
425,42.2,59.9,42,56,6.199999999999999,Masculino
426,37.7,31.1,54,42,6.26,Femenino
427,55.4,56.8,61,40,8.459999999999999,Masculino
428,51.8,55.5,50,51,7.95,Masculino
429,46.6,53.2,51,42,5.84,Femenino
430,51.9,59.8,51,52,8.15,Masculino
431,45.5,53.9,44,46,5.07,Femenino
432,48.4,58.4,24,69,6.91,Masculino
433,73.4,61.4,55,47,8.129999999999999,Masculino
434,40.9,37.5,67,31,6.87,Femenino
435,61.9,78.8,43,59,7.7,Femenino
436,55.8,53.3,51,63,7.9,Masculino
437,44.1,48.2,51,55,6.73,Masculino
438,37.7,44.8,60,56,6.630000000000001,Masculino
439,54.1,46.3,58,43,8.03,Masculino
440,60.5,62.5,40,66,6.75,Masculino
441,49.7,50.7,59,44,7.15,Masculino
442,52,55.6,74,37,8.85,Femenino
443,72.1,57.7,49,43,7.49,Femenino
444,40.3,38.6,42,57,6.71,Masculino
445,53.2,40.1,30,63,7,Femenino
446,41.7,47.4,52,48,7.98,Masculino
447,50.2,43,38,67,7.81,Femenino
448,43.5,60.2,48,44,8.219999999999999,Masculino
449,51.8,48.3,48,59,6.55,Masculino
450,53.8,57.3,50,58,7.03,Femenino
451,43.2,35.2,51,50,6.359999999999999,Masculino
452,57.7,63.8,52,34,7.25,Masculino
453,56,67.4,55,44,7.9799999999999995,Femenino
454,42.7,33.9,67,42,7.91,Femenino
455,61.5,47.8,38,57,7.02,Masculino
456,37.4,40.3,46,53,6.84,Femenino
457,41.4,39.5,56,54,6.1,Femenino
458,61.9,58.3,57,56,7.83,Masculino
459,70.5,52.4,40,62,7.380000000000001,Femenino
460,35.9,31.4,49,34,6.140000000000001,Femenino
461,48.8,47,78,15,7.68,Femenino
462,39.8,37.1,53,53,6.88,Femenino
463,52.6,36.3,62,40,7.96,Masculino
464,61.9,48.1,61,49,8.27,Masculino
465,59.8,70.8,65,47,8.71,Femenino
466,54.1,56.9,56,56,6.33,Masculino
467,41,43.7,67,48,7.01,Masculino
468,48.7,60.2,43,35,7.859999999999999,Femenino
469,46.2,48.3,39,78,6.16,Femenino
470,53.8,55.8,48,45,7.45,Femenino
471,38.3,33.5,47,50,7.23,Femenino
472,51.2,38.5,55,46,8.42,Masculino
473,38.3,40.4,42,58,6.01,Masculino
474,35.9,50.8,67,43,6.5600000000000005,Masculino
475,50.3,55.5,56,53,7.609999999999999,Masculino
476,42.4,38.7,54,59,6.9399999999999995,Masculino
477,56,59.9,56,39,9.07,Femenino
478,35.3,40.1,47,52,6.04,Masculino
479,34.8,43.6,57,52,6.87,Masculino
480,58,60.9,47,52,7.47,Masculino
481,49.5,49.2,62,48,6.46,Masculino
482,50.5,54.4,44,49,6.88,Masculino
483,35.8,42.1,49,66,5.8,Masculino
484,56.1,56.4,55,51,6.53,Masculino
485,43.1,55.5,60,50,7.29,Femenino
486,31.6,25.6,40,62,6.050000000000001,Femenino
487,68.5,62.4,50,48,8.22,Masculino
488,49.3,44.8,59,42,7.57,Femenino
489,40.8,39.5,29,61,5.27,Masculino
490,82,70,51,60,7.619999999999999,Femenino
491,51,38.2,33,69,6.140000000000001,Masculino
492,66.1,65.6,38,45,6.35,Femenino
493,67,70.8,40,55,7.47,Masculino
494,57,49.6,54,34,6.95,Femenino
495,54.1,54.8,72,31,8.67,Femenino
496,42.7,37.7,57,66,7.17,Masculino
497,58.5,56.7,52,56,6.5600000000000005,Masculino
498,34.5,45.2,55,46,6.65,Femenino
499,24.6,36,58,49,6.43,Masculino
500,70.1,65.6,43,63,7.699999999999999,Masculino
501,59.7,44.3,57,52,7.33,Femenino
502,45.5,45.1,51,41,7.35,Masculino
503,49.2,48.2,50,46,5.95,Masculino
504,53.1,44.7,48,53,7.96,Femenino
505,42.7,46.4,44,50,5.59,Masculino
506,34,45.8,56,49,6.82,Masculino
507,37,39.2,57,45,6.800000000000001,Masculino
508,60.7,55,43,49,7.8,Masculino
509,37.7,42,53,59,6.14,Femenino
510,54.7,48.1,46,50,6.470000000000001,Masculino
511,39.7,59.2,43,51,6.5600000000000005,Masculino
512,44.3,51.1,63,34,7.92,Femenino
513,34.6,27.8,70,27,7.16,Femenino
514,53.6,63.9,69,31,7.68,Femenino
515,49.9,43.4,45,48,6.72,Masculino
516,62.5,67.7,55,50,8.09,Femenino
517,45.6,49.6,39,66,7.32,Femenino
518,57.7,50.5,51,35,7.3,Femenino
519,43.2,40.4,64,37,6.640000000000001,Masculino
520,65.1,63.2,65,42,7.92,Femenino
521,53.8,51.1,53,45,6.880000000000001,Masculino
522,52.3,46.2,48,50,7.49,Masculino
523,49.9,46.3,39,52,5.9,Femenino
524,43.9,39.7,61,48,7.0600000000000005,Femenino
525,55.8,58.9,45,56,7.140000000000001,Masculino
526,47,44.6,45,48,7.25,Femenino
527,47.8,47.1,49,42,6.58,Femenino
528,39.3,35.9,34,57,7.4,Masculino
529,31.5,51.4,38,52,5.9399999999999995,Masculino
530,55.2,53.2,48,37,6.5600000000000005,Masculino
531,46.2,44.7,58,46,7.91,Masculino
532,45.2,54.1,59,39,6.73,Femenino
533,62.4,46.5,47,43,7.37,Femenino
534,33.1,50,54,46,6.98,Femenino
535,56.5,63.1,40,57,7.96,Femenino
536,55.4,47.9,43,40,7.99,Masculino
537,60.4,65,53,42,7.43,Femenino
538,35.8,50.4,74,35,6.76,Femenino
539,54.7,46.8,40,50,7.029999999999999,Femenino
540,65.2,67.6,49,50,8.370000000000001,Femenino
541,54.1,59,45,54,6.99,Femenino
542,53.3,39.4,62,40,7.08,Masculino
543,38.3,45.8,51,56,5.43,Masculino
544,56.8,57.1,55,47,8.33,Masculino
545,54.7,49.5,38,55,7.7,Femenino
546,44.4,44.2,35,47,5.55,Femenino
547,62.4,55.3,48,52,6.91,Masculino
548,54.6,49.6,70,26,6.550000000000001,Masculino
549,36.5,41.8,67,31,7.26,Femenino
550,57.5,50.7,28,55,6.3,Femenino
551,53.4,46.9,51,41,7.08,Femenino
552,52,59.4,63,41,7.15,Femenino
553,45.4,45.5,56,55,6.41,Femenino
554,59.3,48.8,48,59,7.29,Femenino
555,52,48.2,19,64,6.09,Femenino
556,55.2,54.4,38,56,7.53,Masculino
557,33.1,36.4,63,47,7.26,Femenino
558,51,53.3,55,44,8.05,Masculino
559,48.4,45.7,50,53,6.73,Femenino
560,51.7,53.2,50,57,7.3,Femenino
561,46.8,42,44,49,7.199999999999999,Masculino
562,45.4,57.5,53,45,7.24,Femenino
563,37.8,47.7,57,39,7.32,Masculino
564,47.1,42.7,44,50,6.71,Masculino
565,52.5,60.2,53,56,6.74,Masculino
566,40.1,50.1,42,50,6.199999999999999,Masculino
567,31.3,26.5,44,58,5.720000000000001,Femenino
568,47.7,32.3,45,52,7.24,Femenino
569,39.9,42.8,46,43,6.12,Masculino
570,46.3,55.7,38,61,7.630000000000001,Masculino
571,53.5,49,43,55,7.17,Masculino
572,60.2,64.9,47,48,7.720000000000001,Masculino
573,56.4,51.4,40,51,7.17,Masculino
574,34.4,28.2,46,33,6.95,Femenino
575,54,57.3,40,59,6.85,Masculino
576,55.6,52.8,39,71,7.1899999999999995,Masculino
577,62.1,48.7,44,46,7.68,Femenino
578,54.7,63.4,55,23,7.1,Femenino
579,38.6,43.3,51,45,6.74,Masculino
580,37.2,39,46,36,8.370000000000001,Femenino
581,51.6,43.1,46,42,6.81,Femenino
582,35.8,21,44,35,5.19,Masculino
583,50.9,43,41,68,6.08,Masculino
584,52.4,58.5,73,35,7.55,Masculino
585,51.1,50.3,55,49,7.54,Masculino
586,72.6,63.2,48,53,7.99,Masculino
587,35.5,33,34,51,5.43,Masculino
588,38.9,36.3,32,60,6.33,Femenino
589,41.6,39,52,32,7.68,Femenino
590,58.2,49.3,35,67,5.99,Femenino
591,73.7,64,73,49,8.11,Femenino
592,55.8,42.6,54,55,6.42,Femenino
593,40.9,38.5,61,55,7.09,Masculino
594,47.8,53.3,44,46,6.1,Femenino
595,44,51,35,59,6.82,Masculino
596,53.4,59.5,53,43,7.75,Femenino
597,45.1,48.3,46,50,7,Masculino
598,57.2,62.7,49,45,7.32,Masculino
599,63.1,60.6,46,57,7.3999999999999995,Femenino
600,52.7,45.9,63,49,7.210000000000001,Masculino
601,54.8,64.9,39,60,6.5,Femenino
602,74.1,74.2,43,61,6.6,Femenino
603,54.1,64.2,62,53,8.01,Femenino
604,59.3,57.6,59,54,6.84,Masculino
605,65.4,62.8,50,46,7.14,Masculino
606,59.9,45.7,47,53,7.17,Masculino
607,60.1,56.7,58,28,7.300000000000001,Masculino
608,48.9,50.7,50,50,5.970000000000001,Femenino
609,39.4,42.2,56,47,7.109999999999999,Femenino
610,54.7,62.4,38,45,6.62,Masculino
611,44.4,48.2,39,66,5.82,Masculino
612,37.4,49.7,53,40,7.25,Masculino
613,48.4,49.8,56,53,6.89,Femenino
614,57.7,55,39,64,5.73,Femenino
615,36.2,38.2,41,54,5.32,Femenino
616,40.8,41.4,61,38,6.970000000000001,Femenino
617,45.9,44.4,53,67,8.030000000000001,Femenino
618,43.4,41.9,45,47,6.57,Masculino
619,65.7,52.3,44,54,7.52,Masculino
620,43.5,45.3,43,62,6.6,Femenino
621,56.1,52.4,56,43,7.58,Masculino
622,45.7,41.3,43,63,6.35,Femenino
623,48.6,49.9,30,54,5.93,Femenino
624,42,32.5,52,38,6.81,Masculino
625,54.3,49.2,55,69,7.47,Femenino
626,57.8,58.8,49,61,6.5,Masculino
627,44.2,40.8,74,39,7.81,Masculino
628,43.2,46.4,52,49,7.34,Masculino
629,53.7,59.3,58,55,8.190000000000001,Masculino
630,48.1,62.3,42,51,6.95,Masculino
631,42.3,34.1,34,64,5.41,Masculino
632,46.2,48,52,42,7.130000000000001,Masculino
633,38.8,30.4,38,59,5.71,Masculino
634,45.7,48.3,54,52,6.890000000000001,Masculino
635,46.6,42.2,48,47,6.41,Masculino
636,35.1,38.3,66,56,6.24,Femenino
637,31.4,37.1,45,50,6.41,Femenino
638,54.4,60.7,57,55,7.66,Femenino
639,43.6,51.4,53,49,7.37,Femenino
640,59.7,71.9,43,54,5.74,Masculino
641,56.6,60.9,35,61,6.640000000000001,Femenino
642,36.1,23.6,61,54,5.38,Femenino
643,41.8,45.8,33,66,7.41,Femenino
644,36.5,37.2,56,52,5.71,Femenino
645,38.4,40.7,46,62,6.15,Masculino
646,33.6,45.1,61,52,6.71,Masculino
647,38.5,52.1,42,41,7.119999999999999,Femenino
648,54.6,57.1,35,56,7.66,Femenino
649,34.5,36.8,37,64,5.82,Femenino
650,55.2,45.4,60,32,6.9399999999999995,Femenino
651,46.4,34.7,52,54,6.22,Femenino
652,50.1,51,62,54,6.97,Masculino
653,44.4,36.1,65,32,6.52,Femenino
654,20,46.7,53,39,5.9,Masculino
655,52.5,36.7,51,39,7.699999999999999,Femenino
656,53.3,65.2,63,31,8.64,Masculino
657,49.7,47.6,43,57,8.46,Femenino
658,43.8,38.2,51,35,5.68,Femenino
659,47.8,45.2,50,45,6.68,Masculino
660,54.8,53.4,55,38,8.16,Masculino
661,56.1,49.2,55,45,6.890000000000001,Masculino
662,48.2,50.3,57,49,7.55,Masculino
663,53.5,55.6,56,41,6.67,Masculino
664,33.3,37.8,54,50,6.54,Masculino
665,55.8,62.6,43,53,6.960000000000001,Masculino
666,48.3,60.4,41,47,6.98,Masculino
667,62.7,52,41,64,7.609999999999999,Masculino
668,73.5,60.4,44,53,7.84,Masculino
669,51.6,63.7,37,77,6.48,Masculino
670,43.3,47.4,45,68,6.78,Masculino
671,62.8,61.5,49,50,6.12,Femenino
672,55.4,57.6,42,56,7.4399999999999995,Femenino
673,65.6,59,68,37,7.0600000000000005,Masculino
674,53.4,52.7,57,53,7.21,Masculino
675,43.1,43.8,39,43,6.6,Femenino
676,60.7,52.2,35,72,6.53,Masculino
677,36.7,43.4,35,62,6.27,Masculino
678,41.7,37.9,54,51,7.15,Femenino
679,60.9,51.4,49,51,7.76,Femenino
680,44,46.2,53,42,6.529999999999999,Femenino
681,44,39.5,54,49,6.48,Femenino
682,66.3,51.8,69,49,7.43,Masculino
683,65.2,53.5,51,61,6.15,Masculino
684,33.5,45.1,42,50,6.04,Femenino
685,51.8,61.1,28,65,7.050000000000001,Femenino
686,71.6,56.8,57,41,8.3,Femenino
687,36,41.1,45,76,5.75,Masculino
688,55.3,52.8,25,61,6.37,Femenino
689,47.5,57.6,57,50,6.97,Masculino
690,31.2,34.7,59,51,7.21,Masculino
691,49.5,44.4,50,58,6.34,Femenino
692,48.7,56.3,51,49,6.16,Masculino
693,51.4,58.2,38,61,7.390000000000001,Masculino
694,37.3,42.9,58,62,5.1,Masculino
695,59.4,72.3,58,30,7.859999999999999,Masculino
696,52.4,43.2,63,36,7.710000000000001,Masculino
697,63.7,77.5,30,69,7.609999999999999,Masculino
698,62.2,63.6,56,51,7.75,Femenino
699,34.3,31.2,32,61,6.84,Femenino
700,66.8,62.9,52,46,6.98,Masculino
701,42,49.1,70,44,8.23,Masculino
702,53.3,43.8,62,41,8.379999999999999,Femenino
703,61.7,54.3,53,29,7.82,Femenino
704,61.9,70,43,49,7.68,Masculino
705,69.3,69.6,63,55,8.79,Masculino
706,47.6,39.9,39,48,5.970000000000001,Masculino
707,37,39.2,46,59,6.4399999999999995,Masculino
708,47.4,45.3,57,42,7.640000000000001,Femenino
709,58.3,53.4,55,37,7.84,Femenino
710,58.5,55.7,49,43,6.67,Masculino
711,38.8,34.5,57,51,5.279999999999999,Masculino
712,50.1,45.8,35,66,7.84,Femenino
713,53.9,49.6,63,51,6.96,Masculino
714,41.9,41.6,66,50,6.79,Masculino
715,39.8,38.5,37,56,6.7700000000000005,Femenino
716,42.6,47.8,66,42,7.140000000000001,Masculino
717,37.4,46.3,48,46,6.279999999999999,Femenino
718,61.3,57.8,50,51,7.3999999999999995,Femenino
719,50.8,54.9,68,48,7.66,Masculino
720,45.7,40.9,44,45,5.6,Masculino
721,50.3,46,49,49,5.93,Masculino
722,40.3,29.2,54,44,8.05,Femenino
723,61.6,52.9,56,53,7.880000000000001,Masculino
724,47.8,59.5,61,48,6.77,Masculino
725,69.2,68.7,46,57,7.6,Femenino
726,43.7,40.3,43,44,7.48,Masculino
727,38.1,38.3,45,42,7.359999999999999,Masculino
728,52.7,48.3,67,50,8.16,Masculino
729,47.7,40,38,62,6.4,Femenino
730,46,46.9,47,57,7.22,Masculino
731,46.7,53.5,47,62,6.300000000000001,Femenino
732,72,51,50,39,7.81,Masculino
733,49.4,40.5,46,58,6.970000000000001,Masculino
734,25,33.9,60,46,5.26,Masculino
735,47,51.7,36,61,7.26,Masculino
736,68.1,64.8,47,41,8.18,Femenino
737,53.7,42.7,31,62,7.15,Femenino
738,69,68.5,48,63,6.68,Femenino
739,54.5,62.7,62,39,8.219999999999999,Masculino
740,75,77.5,47,41,8.16,Masculino
741,48,54.8,64,41,6.9399999999999995,Masculino
742,63.5,57.5,58,25,7.75,Masculino
743,45.4,50.8,48,46,6.84,Masculino
744,50.9,44.4,65,48,7.28,Femenino
745,50.8,67.9,53,57,7.6899999999999995,Masculino
746,66.3,55.2,39,50,6.710000000000001,Femenino
747,36.8,46,33,67,6.47,Femenino
748,35.4,42.8,54,50,6,Masculino
749,59.6,63.7,38,55,7.57,Masculino
750,52.6,46.9,52,46,7.33,Femenino
751,65.1,65.8,63,44,7.38,Femenino
752,47.6,55.7,51,54,6.58,Masculino
753,68.6,91.4,41,62,7.25,Femenino
754,32.6,34.3,41,54,6.0600000000000005,Masculino
755,54,55.1,58,50,8.01,Masculino
756,40.3,40.1,42,52,5.3100000000000005,Femenino
757,31.6,28.7,36,74,6.029999999999999,Masculino
758,59.1,69.4,53,38,8.43,Masculino
759,31.4,39,55,40,6.630000000000001,Femenino
760,52.5,38.8,66,53,6.970000000000001,Masculino
761,50.1,48.3,40,47,6.99,Femenino
762,34.8,48.1,37,62,6.470000000000001,Femenino
763,61.6,54.3,56,61,7.3100000000000005,Masculino
764,45.3,39,53,44,7.45,Femenino
765,50.7,48,48,63,7.22,Femenino
766,54.3,44.6,37,42,7.779999999999999,Masculino
767,51,49.6,38,61,6.550000000000001,Femenino
768,43.1,54,51,52,7.36,Femenino
769,67.3,73.5,59,36,7.53,Masculino
770,56.2,57.3,58,44,8.24,Femenino
771,53.6,52.7,44,65,7.43,Masculino
772,48.3,66.4,51,47,6.48,Femenino
773,57.7,50.5,61,35,6.779999999999999,Femenino
774,56.9,48.1,55,57,8.42,Femenino
775,26.3,43.6,59,51,6.84,Femenino
776,32.4,34.3,45,61,6.83,Femenino
777,51.7,50.1,41,63,7.66,Femenino
778,26.1,33,46,48,6.33,Masculino
779,59.5,51.2,56,37,7.99,Femenino
780,66.2,64.9,56,50,6.17,Masculino
781,50.6,52,50,50,5.890000000000001,Masculino
782,51.9,40.1,45,56,6.82,Femenino
783,58.5,62.6,54,39,7.41,Femenino
784,60.5,51.8,64,45,6.6899999999999995,Masculino
785,55.9,54.4,50,42,6.75,Masculino
786,63.3,57.2,48,56,6.6899999999999995,Masculino
787,46.2,54.3,72,35,7.54,Masculino
788,35.9,34.6,66,53,6.68,Masculino
789,48,50.6,43,48,7.58,Masculino
790,51.8,44.6,31,60,6.279999999999999,Masculino
791,40.8,39.2,40,45,5.52,Masculino
792,56.6,61.3,55,54,7.69,Masculino
793,63.4,66.1,37,66,5.86,Masculino
794,47.9,46,43,31,6.87,Masculino
795,44.8,42.2,50,74,6.76,Masculino
796,55.1,50.5,46,57,5.88,Masculino
797,38.7,32.8,56,56,6.33,Masculino
798,39.7,47.4,59,34,8.01,Masculino
799,29.1,32.6,37,60,5.28,Masculino
800,50.3,44.5,58,55,7.53,Masculino
801,45.7,54.1,46,58,6.609999999999999,Femenino
802,55.7,49,41,43,6.5600000000000005,Masculino
803,47.6,52,47,52,5.96,Femenino
804,51.7,54.2,43,61,6.9399999999999995,Femenino
805,46.7,60.5,57,50,6.85,Femenino
806,59.8,52.5,51,47,7.06,Masculino
807,42.7,52.4,49,53,6.97,Masculino
808,40.2,40.6,43,69,6.63,Masculino
809,49.9,63.3,31,55,5.800000000000001,Femenino
810,45.1,59.6,42,55,5.18,Masculino
811,61.2,60.6,48,58,7.3,Femenino
812,36.2,44.4,40,51,6.8100000000000005,Masculino
813,43.4,56.1,34,52,5.58,Masculino
814,52,47.3,48,54,5.15,Masculino
815,58.8,55.6,52,49,7.119999999999999,Femenino
816,32,26.2,56,46,6.9,Masculino
817,60.8,49.3,63,39,8.42,Femenino
818,47,56.6,51,45,8.219999999999999,Femenino
819,44.1,51.6,53,57,5.4399999999999995,Femenino
820,49.5,50.1,43,48,7.5600000000000005,Femenino
821,52.9,49.4,32,53,6.26,Femenino
822,41.5,34.6,47,64,5.57,Femenino
823,45,41.4,69,34,7.01,Masculino
824,58.4,58.1,41,54,7.44,Femenino
825,41.3,49.5,61,43,6.720000000000001,Masculino
826,28.7,37.3,53,51,7.76,Femenino
827,59.4,60.6,50,66,7.5600000000000005,Femenino
828,56,46.3,52,58,7.74,Femenino
829,46.8,47.6,49,50,6.6,Masculino
830,41.4,48.1,41,59,6.09,Masculino
831,36.1,32.7,43,61,5.77,Femenino
832,61.2,66.2,53,49,7.74,Masculino
833,67.1,62.3,61,53,7.33,Femenino
834,41.1,52.4,46,62,6.3100000000000005,Masculino
835,36.9,51.3,48,48,7.51,Masculino
836,54.9,56.8,52,54,6.859999999999999,Femenino
837,65.1,64.7,38,55,8.370000000000001,Masculino
838,45.1,34.3,56,47,6.890000000000001,Femenino
839,59.6,63.9,50,63,8.64,Masculino
840,47.7,51,43,53,6.01,Masculino
841,46.7,48.3,56,59,5.86,Masculino
842,33.6,51.4,42,46,7.02,Femenino
843,58.5,56.2,43,73,7.17,Masculino
844,61,68.9,69,38,8.719999999999999,Femenino
845,58,51.6,49,47,6.77,Femenino
846,60.4,58.5,56,56,7.130000000000001,Masculino
847,57.5,46.8,50,55,7.25,Masculino
848,44.8,47.2,38,46,5.78,Masculino
849,55.1,49.9,36,59,6.75,Masculino
850,40,53.5,45,58,7.15,Femenino
851,56.5,55.4,62,32,7.43,Masculino
852,51.3,43.3,63,38,8.1,Masculino
853,44.7,48.5,55,39,6.5,Femenino
854,54,54.4,41,55,7.029999999999999,Masculino
855,39.1,37.1,45,42,6.24,Masculino
856,56.2,50.3,40,54,7.06,Femenino
857,50.5,43.4,51,68,6.51,Femenino
858,73.8,69.3,58,53,8.309999999999999,Femenino
859,65.6,68.3,45,65,7.84,Masculino
860,50.6,50.8,49,52,7.12,Masculino
861,53.1,52.3,50,49,7.59,Masculino
862,65.7,70.8,61,51,7.72,Femenino
863,54.3,48.9,40,37,7.3500000000000005,Masculino
864,55.6,60.8,63,42,7.3,Femenino
865,46.9,52,51,65,7.67,Femenino
866,42.4,45.6,59,27,7.5600000000000005,Masculino
867,57.5,56,55,45,7.8500000000000005,Femenino
868,38.8,43.1,52,54,6.72,Femenino
869,42.8,43,58,50,6.68,Femenino
870,44.1,46.5,55,29,7.5,Masculino
871,37.4,38.2,46,54,5.65,Masculino
872,49.2,46,68,40,8.07,Masculino
873,64.2,61.8,50,45,7.04,Masculino
874,63.3,54.2,63,34,8.75,Femenino
875,45.2,61.2,40,48,6.26,Femenino
876,42.9,52.4,41,60,6.18,Femenino
877,45.7,65.4,70,39,7.859999999999999,Masculino
878,47.7,54.7,41,48,5.47,Femenino
879,61.8,57.8,50,54,7.17,Masculino
880,34.4,46.4,60,39,7.1899999999999995,Femenino
881,54.8,60.2,45,41,7.35,Femenino
882,53.1,52.5,70,44,7.470000000000001,Masculino
883,44.8,50.3,49,40,6.13,Masculino
884,45.6,50.5,72,55,7.49,Femenino
885,59,59.3,55,51,7.55,Masculino
886,57,62,66,49,7.08,Masculino
887,31.6,39.1,30,70,5.15,Masculino
888,58.8,52,58,46,6.6899999999999995,Masculino
889,72,75.7,46,63,8.16,Femenino
890,49,47.9,57,35,7.710000000000001,Masculino
891,64.1,67.8,32,62,7.07,Femenino
892,57.4,40.1,58,54,7.3,Femenino
893,60.2,57.3,23,65,6.68,Masculino
894,60.2,49.7,52,48,7.55,Masculino
895,28.8,34.9,43,55,6.199999999999999,Masculino
896,69.6,54,68,37,7.66,Masculino
897,28.6,39,50,36,6.74,Masculino
898,45.1,46.9,68,38,7.710000000000001,Masculino
899,50,43,49,43,6.069999999999999,Masculino
900,61.8,60.5,46,66,6.21,Femenino
901,49.3,57,48,35,7.9399999999999995,Masculino
902,44,49.6,44,48,7.26,Femenino
903,56.1,66.1,69,46,7.49,Masculino
904,60.8,41.5,41,62,7.2,Femenino
905,38.9,43.9,50,49,6.63,Femenino
906,53.4,45.9,51,44,7.12,Femenino
907,47.2,40.2,61,35,7.7,Masculino
908,61.3,69.2,27,58,7,Masculino
909,45,49.9,56,45,6.640000000000001,Masculino
910,47.7,35.1,40,70,7,Femenino
911,49.9,48.1,46,51,5.96,Masculino
912,49.7,53.1,62,37,7.18,Femenino
913,47.2,38.4,51,49,6.449999999999999,Masculino
914,56.1,60.6,60,46,7.199999999999999,Masculino
915,52.6,51,46,40,6.16,Masculino
916,50.1,40.5,40,58,5.8100000000000005,Femenino
917,68.6,56.3,30,61,6.68,Femenino
918,31.3,46.8,58,45,5.82,Femenino
919,34,48.9,63,54,7,Femenino
920,48.9,47.2,48,58,6.79,Masculino
921,47,45.5,47,52,7.140000000000001,Masculino
922,45.1,35.6,41,57,7.51,Masculino
923,22.9,29.9,67,31,5.83,Femenino
924,60.5,54.7,56,40,8.5,Femenino
925,54.7,46.4,39,52,7.24,Masculino
926,60.7,48.7,36,71,6.37,Masculino
927,50.3,44.9,53,49,6.82,Femenino
928,53.9,37.7,46,53,7.449999999999999,Femenino
929,47.5,46.6,62,45,7.28,Masculino
930,52.4,61.3,51,52,7.7,Femenino
931,50.4,53.4,53,62,7.53,Femenino
932,34.3,36.6,50,41,6.52,Masculino
933,34.5,38.8,38,48,6.27,Masculino
934,53,55.7,49,52,6.4399999999999995,Masculino
935,64.8,58,59,37,7,Masculino
936,73.4,66.8,39,57,6.49,Femenino
937,44.8,32.4,63,32,7.02,Masculino
938,64.5,56.9,42,39,7.130000000000001,Femenino
939,48.9,55.4,44,59,5.9399999999999995,Masculino
940,55.3,41.1,39,61,7.390000000000001,Femenino
941,54.2,54.5,50,38,6.640000000000001,Masculino
942,37.1,38.6,57,40,7.91,Femenino
943,30,43.1,53,48,7,Masculino
944,60,51,50,63,7.65,Masculino
945,59.1,60.5,50,54,7.3100000000000005,Femenino
946,61.4,64.4,48,50,7.22,Masculino
947,61.1,68.1,41,55,7.91,Femenino
948,57.1,58.8,45,53,6.99,Masculino
949,39,42.2,28,75,6.33,Masculino
950,52.9,60.9,71,34,7.35,Masculino
951,44.1,46.1,62,43,7.2299999999999995,Masculino
952,63.6,50.2,49,52,7.37,Masculino
953,52.6,49.6,39,51,7.040000000000001,Femenino
954,49.1,53.9,58,23,7.279999999999999,Masculino
955,50.4,70.1,51,46,6.68,Masculino
956,53.5,52.6,56,43,7.619999999999999,Femenino
957,49.4,36.9,54,51,7.76,Masculino
958,45.8,48.8,51,42,7.95,Femenino
959,42.7,38.5,37,54,6.960000000000001,Masculino
960,42.4,44.1,37,67,5.57,Femenino
961,48.3,39.5,39,46,6.68,Masculino
962,32,41.8,31,69,5.88,Femenino
963,35.4,45.5,61,47,7.33,Femenino
964,36.7,41.1,45,42,6.65,Femenino
965,48.8,37.7,48,56,5.99,Femenino
966,54.5,47.6,37,58,7.9,Femenino
967,53.1,37.1,62,29,7.26,Masculino
968,35.1,34,47,53,5.76,Femenino
969,50.1,62.2,48,52,6.96,Masculino
970,49.2,34.2,46,51,6.390000000000001,Femenino
971,54.6,62.3,62,59,8.08,Masculino
972,59.2,48.4,51,50,6.95,Femenino
973,54.8,57.4,55,66,7.01,Masculino
974,59.7,64.5,41,51,6.470000000000001,Masculino
975,42.2,48.1,56,53,7.4,Masculino
976,49.4,44.6,61,42,8.35,Masculino
977,38.1,39.7,49,46,6.35,Masculino
978,51.1,52.4,64,51,6.470000000000001,Masculino
979,53.9,44.4,39,55,7.08,Masculino
980,68.2,56.4,50,52,7.57,Masculino
981,64.1,61.3,27,64,5.6,Masculino
982,37.4,40.9,30,44,6.82,Masculino
983,61,42.5,61,40,6.15,Femenino
984,49.1,59.7,32,49,7.17,Femenino
985,40.4,51.9,38,71,6.66,Masculino
986,60.6,69.2,39,62,8.54,Femenino
987,46.2,40,60,36,7.07,Femenino
988,54.5,45,45,53,7.460000000000001,Femenino
989,41.6,50.6,44,52,7.16,Masculino
990,36.6,36.3,39,65,5.33,Masculino
991,46.2,59.1,44,63,6.709999999999999,Femenino
992,45.4,44,48,53,7.029999999999999,Femenino
993,49.7,53.8,40,62,7.140000000000001,Femenino
994,45.1,57.5,50,49,6.5,Masculino
995,60.3,63.8,47,55,8.08,Masculino
996,33.4,38.5,45,46,6.9399999999999995,Masculino
997,65.6,59.1,53,45,8.31,Masculino
998,47,42.2,43,42,5.74,Femenino
999,61.6,61.2,60,46,7.3,Masculino
1000,53.9,48.9,68,28,8.02,Femenino
